Date,Wheat,Natural_Gas_EU,Urea
1979-01,140.4,3.26,143.0
1979-02,144.8,3.26,143.0
1979-03,144.0,3.26,131.9
1979-04,142.2,3.26,135.0
1979-05,141.4,3.26,141.8
1979-06,163.9,3.26,148.5
1979-07,168.3,3.26,155.4
1979-08,162.8,3.26,160.0
1979-09,165.0,3.26,163.8
1979-10,163.1,3.26,167.5
1979-11,166.8,3.26,170.0
1979-12,173.1,3.26,176.3
1980-01,169.7,4.22,187.5
1980-02,170.5,4.22,187.5
1980-03,162.4,4.22,187.5
1980-04,155.8,4.22,196.3
1980-05,156.2,4.22,205.0
1980-06,146.2,4.22,205.0
1980-07,160.5,4.22,205.0
1980-08,165.3,4.22,205.0
1980-09,175.6,4.22,207.0
1980-10,187.0,4.22,207.0
1980-11,193.3,4.22,207.0
1980-12,177.1,4.22,207.0
1981-01,177.5,4.6,207.0
1981-02,176.4,4.6,242.5
1981-03,167.9,4.6,242.5
1981-04,172.1,4.6,135.0
1981-05,142.9,4.6,215.0
1981-06,132.8,4.6,215.0
1981-07,138.6,4.6,180.0
1981-08,140.3,4.6,160.0
1981-09,147.1,4.6,160.0
1981-10,149.7,4.6,160.0
1981-11,156.8,4.6,136.5
1981-12,153.0,4.6,136.5
1982-01,148.4,4.45,112.5
1982-02,153.7,4.45,130.0
1982-03,141.8,4.45,130.0
1982-04,148.6,4.45,122.5
1982-05,128.3,4.45,122.5
1982-06,125.7,4.45,122.5
1982-07,127.5,4.45,122.5
1982-08,123.8,4.45,125.0
1982-09,120.5,4.45,125.0
1982-10,112.9,4.45,127.5
1982-11,131.6,4.45,127.5
1982-12,127.9,4.45,120.0
1983-01,131.2,4.05,124.5
1983-02,133.4,4.05,124.5
1983-03,133.0,4.05,120.0
1983-04,137.1,4.05,109.0
1983-05,135.7,4.05,101.5
1983-06,132.3,4.05,120.0
1983-07,135.3,4.05,109.0
1983-08,145.1,4.05,110.5
1983-09,141.8,4.05,110.5
1983-10,141.5,4.05,114.0
1983-11,139.6,4.05,115.5
1983-12,141.7,4.05,115.5
1984-01,140.0,3.76,116.5
1984-02,133.3,3.76,118.0
1984-03,142.7,3.76,141.0
1984-04,148.1,3.76,127.5
1984-05,144.3,3.76,147.5
1984-06,136.3,3.76,155.0
1984-07,133.7,3.76,162.5
1984-08,137.5,3.76,165.0
1984-09,140.8,3.76,165.0
1984-10,141.3,3.76,172.0
1984-11,143.5,3.76,166.0
1984-12,141.4,3.76,166.0
1985-01,147.6,3.65,168.5
1985-02,140.5,3.65,168.5
1985-03,140.9,3.65,105.0
1985-04,139.1,3.65,107.5
1985-05,122.7,3.65,127.5
1985-06,123.2,3.65,112.5
1985-07,117.8,3.65,109.5
1985-08,111.8,3.65,97.5
1985-09,111.2,3.65,87.5
1985-10,121.0,3.65,80.5
1985-11,131.7,3.65,87.5
1985-12,136.6,3.65,87.5
1986-01,135.4,3.65,82.5
1986-02,136.1,3.65,77.0
1986-03,139.5,3.65,77.0
1986-04,139.7,3.65,72.5
1986-05,119.2,3.65,72.5
1986-06,99.6,3.65,72.5
1986-07,100.1,3.65,67.5
1986-08,100.3,3.65,71.0
1986-09,102.3,3.65,65.0
1986-10,114.8,3.65,62.5
1986-11,118.1,3.65,64.5
1986-12,115.7,3.65,64.5
1987-01,117.4,2.59,64.0
1987-02,115.7,2.59,68.0
1987-03,116.5,2.59,70.5
1987-04,113.1,2.59,77.5
1987-05,115.8,2.59,87.5
1987-06,102.2,2.59,87.5
1987-07,100.6,2.59,87.5
1987-08,101.7,2.59,85.0
1987-09,110.1,2.59,85.0
1987-10,113.5,2.59,92.5
1987-11,113.7,2.59,92.5
1987-12,124.9,2.59,92.5
1988-01,126.2,2.36,92.5
1988-02,125.3,2.36,97.5
1988-03,118.2,2.36,105.0
1988-04,122.9,2.36,97.5
1988-05,124.4,2.36,110.0
1988-06,139.6,2.36,110.0
1988-07,138.9,2.36,110.0
1988-08,145.9,2.36,130.0
1988-09,153.3,2.36,130.0
1988-10,162.9,2.36,130.0
1988-11,162.3,2.36,130.0
1988-12,168.9,2.36,120.0
1989-01,172.6,2.09,120.0
1989-02,164.2,2.09,120.0
1989-03,168.6,2.09,120.0
1989-04,161.4,2.09,113.5
1989-05,162.6,2.09,113.5
1989-06,151.9,2.09,113.5
1989-07,152.4,2.09,113.5
1989-08,153.4,2.09,82.5
1989-09,157.3,2.09,82.5
1989-10,160.5,2.09,72.5
1989-11,163.9,2.09,86.0
1989-12,166.5,2.09,98.0
1990-01,163.0,2.82,104.5
1990-02,155.5,2.82,106.3
1990-03,153.3,2.82,111.0
1990-04,150.7,2.82,111.0
1990-05,133.5,2.82,107.0
1990-06,130.5,2.82,107.0
1990-07,119.6,2.82,107.0
1990-08,115.1,2.82,114.9
1990-09,108.5,2.82,90.6
1990-10,104.8,2.82,136.5
1990-11,106.4,2.82,144.5
1990-12,108.4,2.82,147.5
1991-01,107.1,3.44,151.0
1991-02,106.4,3.41,151.0
1991-03,116.2,3.33,145.0
1991-04,117.1,3.47,143.5
1991-05,115.6,3.37,138.5
1991-06,118.2,3.29,135.5
1991-07,116.2,3.0,132.5
1991-08,127.1,2.98,132.5
1991-09,137.6,2.97,132.5
1991-10,147.2,2.71,132.5
1991-11,147.0,2.7,134.4
1991-12,157.8,2.7,131.9
1992-01,167.3,2.57,122.5
1992-02,170.1,2.5,120.6
1992-03,161.4,2.58,120.0
1992-04,153.1,2.47,120.0
1992-05,139.7,2.49,120.0
1992-06,140.4,2.5,120.0
1992-07,129.9,2.55,120.0
1992-08,118.8,2.56,120.0
1992-09,131.5,2.57,120.0
1992-10,137.4,2.63,116.9
1992-11,145.8,2.64,107.5
1992-12,146.3,2.64,103.8
1993-01,156.9,2.76,102.5
1993-02,149.4,2.74,102.5
1993-03,145.5,2.75,86.2
1993-04,156.3,2.68,81.0
1993-05,140.1,2.68,81.0
1993-06,112.3,2.68,81.0
1993-07,116.8,2.66,81.0
1993-08,119.6,2.65,81.0
1993-09,115.7,2.62,81.0
1993-10,127.9,2.62,81.0
1993-11,136.4,2.62,82.8
1993-12,140.5,2.6,85.5
1994-01,152.7,2.47,85.5
1994-02,144.2,2.36,85.5
1994-03,133.5,2.36,98.6
1994-04,130.0,2.36,103.5
1994-05,125.3,2.36,103.5
1994-06,120.2,2.36,103.5
1994-07,119.5,2.42,106.5
1994-08,128.2,2.46,88.0
1994-09,142.1,2.48,88.0
1994-10,157.4,2.56,88.0
1994-11,152.4,2.57,88.0
1994-12,157.3,2.56,88.0
1995-01,153.0,2.66,159.6
1995-02,149.7,2.66,177.5
1995-03,143.1,2.65,191.3
1995-04,140.7,2.71,205.0
1995-05,143.3,2.71,159.0
1995-06,153.5,2.73,90.0
1995-07,173.4,2.8,90.0
1995-08,168.5,2.8,90.0
1995-09,185.6,2.78,90.0
1995-10,194.0,2.75,90.0
1995-11,198.3,2.75,90.0
1995-12,205.3,2.73,90.0
1996-01,197.0,2.75,90.0
1996-02,204.0,2.77,90.0
1996-03,205.5,2.67,90.0
1996-04,247.5,3.1,160.4
1996-05,213.4,2.81,169.5
1996-06,180.6,2.81,172.1
1996-07,181.1,2.78,184.5
1996-08,175.0,2.79,187.0
1996-09,169.7,2.79,181.4
1996-10,158.4,2.94,172.3
1996-11,158.2,2.96,172.6
1996-12,158.6,2.96,174.5
1997-01,154.0,2.89,173.5
1997-02,143.6,2.89,160.4
1997-03,153.8,2.83,148.0
1997-04,158.6,2.77,135.0
1997-05,152.7,2.74,113.1
1997-06,131.6,2.76,108.5
1997-07,127.8,2.67,112.5
1997-08,140.9,2.67,102.5
1997-09,143.2,2.7,88.3
1997-10,143.7,2.63,87.5
1997-11,138.2,2.66,90.6
1997-12,135.7,2.65,90.0
1998-01,130.2,2.65,86.3
1998-02,127.3,2.63,77.5
1998-03,129.9,2.61,84.5
1998-04,118.3,2.54,100.0
1998-05,112.3,2.51,95.0
1998-06,107.2,2.5,88.4
1998-07,96.8,2.4,86.0
1998-08,92.9,2.37,85.5
1998-09,96.3,2.33,83.6
1998-10,107.6,2.17,75.6
1998-11,115.3,2.15,70.7
1998-12,104.1,2.13,65.5
1999-01,103.2,2.02,64.5
1999-02,95.0,2.01,64.0
1999-03,100.2,1.95,75.5
1999-04,99.7,1.87,64.5
1999-05,96.6,1.89,64.9
1999-06,92.9,1.91,63.8
1999-07,85.3,2.0,62.8
1999-08,92.8,2.08,65.7
1999-09,102.1,2.2,67.5
1999-10,98.7,2.47,65.4
1999-11,96.9,2.51,66.0
1999-12,92.1,2.66,66.8
2000-01,98.6,3.36,77.4
2000-02,100.1,3.46,90.1
2000-03,97.2,3.51,88.8
2000-04,95.2,3.68,83.3
2000-05,104.3,3.55,91.0
2000-06,99.3,3.6,105.1
2000-07,91.2,3.96,121.7
2000-08,90.9,4.01,133.4
2000-09,97.9,4.03,113.9
2000-10,104.3,4.31,111.1
2000-11,103.2,4.39,99.4
2000-12,105.0,4.44,96.0
2001-01,110.4,4.65,121.0
2001-02,106.7,4.59,105.3
2001-03,103.5,4.57,98.9
2001-04,101.1,4.48,95.3
2001-05,102.6,4.36,85.0
2001-06,97.4,4.33,87.5
2001-07,108.0,3.75,87.5
2001-08,105.9,3.79,88.8
2001-09,107.6,3.79,94.5
2001-10,115.0,3.52,96.1
2001-11,116.4,3.46,96.5
2001-12,118.2,3.4,101.2
2002-01,121.7,3.06,104.1
2002-02,113.4,3.03,99.6
2002-03,116.6,2.97,90.3
2002-04,113.0,2.81,84.7
2002-05,110.9,2.83,85.5
2002-06,115.4,2.9,92.8
2002-07,123.5,2.95,94.2
2002-08,130.1,3.01,105.0
2002-09,151.8,3.08,93.0
2002-10,156.8,3.28,92.3
2002-11,160.0,3.34,92.3
2002-12,146.2,3.36,99.4
2003-01,137.5,3.61,112.0
2003-02,140.8,3.67,132.1
2003-03,129.4,3.74,138.9
2003-04,125.8,4.03,118.6
2003-05,129.2,4.04,128.1
2003-06,126.3,4.05,133.9
2003-07,129.0,4.04,142.8
2003-08,144.2,3.98,141.5
2003-09,138.4,3.97,146.8
2003-10,142.8,3.88,150.6
2003-11,160.9,3.9,153.5
2003-12,158.8,3.97,159.4
2004-01,155.9,3.87,160.3
2004-02,157.5,3.89,134.5
2004-03,156.5,3.86,130.5
2004-04,157.2,3.92,128.4
2004-05,148.3,3.95,135.9
2004-06,137.2,4.01,158.3
2004-07,131.6,4.28,185.0
2004-08,129.1,4.34,196.2
2004-09,138.2,4.41,218.1
2004-10,141.4,4.83,242.1
2004-11,140.8,4.96,224.5
2004-12,139.5,5.01,185.3
2005-01,142.5,5.46,184.6
2005-02,141.6,5.49,185.8
2005-03,152.2,5.52,217.1
2005-04,132.1,5.86,242.1
2005-05,133.1,5.89,256.0
2005-06,131.1,5.91,217.5
2005-07,130.9,6.42,221.9
2005-08,131.8,6.56,208.5
2005-09,128.2,6.58,210.4
2005-10,135.3,7.28,215.5
2005-11,132.3,7.46,235.0
2005-12,137.6,7.49,213.9
2006-01,144.2,7.96,202.3
2006-02,149.2,7.95,213.9
2006-03,142.7,7.99,243.1
2006-04,140.8,8.24,247.5
2006-05,150.9,8.28,229.5
2006-06,140.1,8.29,210.0
2006-07,143.9,8.58,205.5
2006-08,148.4,8.71,210.5
2006-09,166.9,8.77,215.1
2006-10,197.8,8.97,209.2
2006-11,192.9,8.99,227.4
2006-12,189.8,8.92,251.7
2007-01,176.0,8.59,265.0
2007-02,176.5,8.56,299.4
2007-03,168.5,8.37,318.1
2007-04,175.3,8.0,291.0
2007-05,180.8,7.98,293.1
2007-06,205.0,8.03,291.9
2007-07,225.6,8.13,269.5
2007-08,253.9,8.34,260.6
2007-09,323.0,8.54,305.0
2007-10,325.5,9.16,323.8
2007-11,307.7,9.47,366.3
2007-12,345.3,9.49,401.7
2008-01,343.8,10.7,376.6
2008-02,388.7,10.84,328.1
2008-03,419.6,11.04,371.0
2008-04,323.4,12.19,462.5
2008-05,255.1,12.38,633.8
2008-06,254.7,12.63,642.0
2008-07,245.4,14.37,733.8
2008-08,255.4,14.64,785.0
2008-09,223.8,14.85,744.5
2008-10,185.9,15.93,575.0
2008-11,183.0,15.81,287.5
2008-12,179.3,15.5,240.0
2009-01,195.1,13.89,273.8
2009-02,183.4,11.04,281.3
2009-03,183.7,10.9,268.5
2009-04,182.6,8.51,245.6
2009-05,202.5,8.09,236.3
2009-06,201.7,7.95,239.7
2009-07,175.6,6.67,243.8
2009-08,161.7,6.92,251.5
2009-09,158.4,7.13,232.3
2009-10,175.6,7.6,234.9
2009-11,204.7,7.81,243.5
2009-12,206.5,8.01,262.0
2010-01,198.8,8.8,266.5
2010-02,191.8,8.8,297.5
2010-03,190.0,8.93,278.7
2010-04,187.8,7.52,253.8
2010-05,190.3,7.27,234.0
2010-06,182.6,7.74,226.3
2010-07,222.3,8.04,259.4
2010-08,261.6,8.45,263.5
2010-09,276.3,8.28,308.8
2010-10,267.5,8.29,332.5
2010-11,278.5,8.59,365.4
2010-12,308.6,8.74,380.6
2011-01,320.4,9.61,378.5
2011-02,338.8,9.36,297.5
2011-03,303.1,9.37,278.7
2011-04,314.9,10.36,253.8
2011-05,308.6,10.3,234.0
2011-06,282.2,10.26,478.8
2011-07,266.4,10.99,483.8
2011-08,277.6,10.81,475.5
2011-09,267.5,10.85,508.8
2011-10,253.5,11.42,493.5
2011-11,253.2,11.32,481.3
2011-12,244.7,11.53,423.1
2012-01,253.9,11.45,368.0
2012-02,263.1,11.12,375.0
2012-03,259.8,11.97,393.1
2012-04,254.6,11.42,494.4
2012-05,251.3,11.64,513.1
2012-06,249.5,11.49,456.9
2012-07,323.0,11.13,307.5
2012-08,333.7,11.18,382.5
2012-09,343.6,11.08,384.4
2012-10,340.2,11.58,349.0
2012-11,346.5,11.83,383.5
2012-12,325.2,11.79,375.8
2013-01,309.0,11.87,380.0
2013-02,298.0,11.77,415.6
2013-03,285.9,11.87,395.6
2013-04,278.1,12.88,365.6
2013-05,279.3,12.29,358.1
2013-06,268.2,11.92,329.4
2013-07,260.9,11.6,312.5
2013-08,252.4,11.64,310.6
2013-09,259.8,11.25,301.0
2013-10,287.7,11.37,296.9
2013-11,274.4,11.42,305.0
2013-12,267.0,11.55,305.0
2014-01,246.5,11.59,330.0
2014-02,258.7,11.3,353.1
2014-03,286.9,10.88,327.5
2014-04,277.1,10.73,260.0
2014-05,277.2,10.2,265.0
2014-06,236.6,9.77,288.8
2014-07,218.3,9.27,305.0
2014-08,220.4,9.14,311.3
2014-09,202.8,9.24,317.5
2014-10,220.1,9.77,317.5
2014-11,236.0,8.9,317.5
2014-12,261.8,9.83,308.1
2015-01,231.5,9.25,305.0
2015-02,219.8,8.27,305.0
2015-03,218.8,8.27,295.5
2015-04,209.7,6.77,260.0
2015-05,200.8,6.68,265.0
2015-06,205.0,6.67,288.8
2015-07,207.4,6.69,283.8
2015-08,187.9,6.35,274.6
2015-09,194.0,6.28,279.4
2015-10,206.3,6.03,250.6
2015-11,203.4,5.5,263.6
2015-12,192.0,5.09,264.0
2016-01,191.7,4.4,233.9
2016-02,188.4,3.97,191.9
2016-03,189.7,3.91,201.8
2016-04,192.8,3.97,196.3
2016-05,189.9,4.33,198.4
2016-06,187.0,4.76,142.6
2016-07,166.5,4.67,181.0
2016-08,159.3,4.05,186.3
2016-09,157.6,4.25,187.3
2016-10,164.4,5.34,187.5
2016-11,167.3,5.69,205.0
2016-12,161.2,5.42,217.8
2017-01,173.6,6.14,233.8
2017-02,181.0,6.05,191.9
2017-03,176.5,5.0,223.5
2017-04,172.2,5.01,207.9
2017-05,175.0,5.06,178.8
2017-06,183.4,4.89,191.0
2017-07,201.8,5.0,181.0
2017-08,172.7,5.48,192.6
2017-09,176.9,5.96,219.0
2017-10,177.0,6.18,252.5
2017-11,175.7,6.69,280.0
2017-12,172.5,7.14,214.6
2018-01,178.3,6.66,219.6
2018-02,190.6,6.72,232.5
2018-03,198.9,6.7,232.5
2018-04,198.8,6.93,230.6
2018-05,209.9,7.49,221.9
2018-06,206.0,7.45,224.0
2018-07,206.9,7.6,252.5
2018-08,217.4,8.08,260.0
2018-09,202.0,9.52,267.5
2018-10,209.1,8.79,270.0
2018-11,210.8,8.27,305.6
2018-12,217.8,7.98,276.7
2019-01,220.2,7.26,260.0
2019-02,217.2,6.01,250.6
2019-03,200.4,5.18,247.5
2019-04,197.3,4.92,247.5
2019-05,200.3,4.34,247.5
2019-06,222.4,3.59,247.5
2019-07,204.0,3.62,263.5
2019-08,197.5,3.68,262.5
2019-09,201.9,4.21,237.8
2019-10,212.8,5.06,237.0
2019-11,223.5,5.15,224.5
2019-12,237.7,4.62,217.5
2020-01,248.0,3.63,215.4
2020-02,239.0,2.91,214.4
2020-03,228.1,2.72,231.1
2020-04,221.7,2.12,235.0
2020-05,209.9,1.58,201.9
2020-06,200.5,1.75,202.0
2020-07,212.7,1.8,214.4
2020-08,208.9,2.86,249.5
2020-09,219.7,3.95,250.5
2020-10,245.2,4.89,245.0
2020-11,247.9,4.84,245.0
2020-12,251.2,5.86,245.0
2021-01,276.4,7.27,265.0
2021-02,276.6,6.16,335.0
2021-03,272.6,6.13,352.9
2021-04,281.4,7.15,328.1
2021-05,271.0,8.91,331.6
2021-06,263.5,10.3,393.3
2021-07,254.7,12.51,441.5
2021-08,276.2,15.43,446.9
2021-09,263.6,22.84,418.8
2021-10,262.2,31.05,695.0
2021-11,334.5,27.62,900.5
2021-12,327.8,38.03,890.0
2022-01,325.2,28.26,846.4
2022-02,339.3,27.23,744.2
2022-03,446.7,42.39,872.5
2022-04,427.3,32.2,925.0
2022-05,438.4,29.17,707.5
2022-06,379.9,33.56,690.0
2022-07,316.7,51.33,601.0
2022-08,311.5,70.04,591.3
2022-09,388.8,59.1,678.0
2022-10,423.3,39.02,636.3
2022-11,420.6,35.72,588.8
2022-12,415.1,36.04,519.4
2023-01,410.0,20.18,443.8
2023-02,311.9,16.54,357.5
2023-03,284.7,13.81,313.5
2023-04,277.2,13.52,313.4
2023-05,260.5,10.11,329.3
2023-06,257.0,10.35,287.5
2023-07,249.9,9.55,334.6
2023-08,230.8,11.19,385.6
2023-09,230.6,11.55,380.0
2023-10,236.6,14.57,411.4
2023-11,241.0,14.49,385.5
2023-12,255.0,11.51,354.0
2024-01,247.9,9.56,335.4
2024-02,246.2,8.15,351.3
2024-03,228.5,8.55,330.0
2024-04,227.8,9.09,320.0
2024-05,253.2,10.12,284.8
2024-06,230.6,10.87,336.3
2024-07,218.8,10.35,342.5
2024-08,205.8,12.37,342.5
2024-09,219.2,11.78,337.5
2024-10,233.3,12.92,374.8
2024-11,229.0,13.93,352.3
2024-12,230.3,13.86,352.0
2025-01,230.6,14.66,380.5
2025-02,243.5,15.34,436.5
2025-03,227.5,13.24,394.5
2025-04,219.6,11.59,386.9
2025-05,221.3,11.66,392.0
2025-06,217.3,12.37,420.5
2025-07,210.6,11.62,496.0
2025-08,200.3,11.15,507.7
2025-09,207.0,11.12,461.1
2025-10,209.3,10.89,394.4
2025-11,225.2,10.42,409.3
2025-12,223.2,9.48,392.5
2026-01,217.7,11.76,415.4
2026-02,232.4,11.24,472.0
2026-03,247.4,17.91,725.6
2026-04,246.5,15.41,856.9
2026-05,259.5,16.17,770.5
2026-06,237.5,15.17,453.1
2026-07,258.1,18.06,400.0
2026-08,263.2,21.11,390.0
2026-09,278.6,25.42,407.5
