Date,Urea,Linear_Forecast
2017-04-01,207.9,219.66963865436165
2017-05-01,178.8,205.4639708540556
2017-06-01,191.0,181.55528348483116
2017-07-01,181.0,193.69010496040164
2017-08-01,192.6,189.69149252085427
2017-09-01,219.0,193.1167305938886
2017-10-01,252.5,216.93713501016717
2017-11-01,280.0,245.5300530038878
2017-12-01,214.6,269.0115049889521
2018-01-01,219.6,213.37910516580695
2018-02-01,232.5,218.49067068546017
2018-03-01,232.5,232.37469458629712
2018-04-01,230.6,234.31655300727724
2018-05-01,221.9,232.92019728473852
2018-06-01,224.0,228.75522857514935
2018-07-01,252.5,229.56916674442732
2018-08-01,260.0,254.04919508964244
2018-09-01,267.5,263.36761364273843
2018-10-01,270.0,267.5431732985679
2018-11-01,305.6,270.5915003430315
2018-12-01,276.7,300.58378133889255
2019-01-01,260.0,277.490049084204
2019-02-01,250.6,263.192153756479
2019-03-01,247.5,253.25290702863126
2019-04-01,247.5,245.81047504959324
2019-05-01,247.5,244.81204571861528
2019-06-01,247.5,244.92897273204673
2019-07-01,263.5,249.38790178370672
2019-08-01,262.5,258.60613542136514
2019-09-01,237.8,256.28457557484353
2019-10-01,237.0,236.96723828189
2019-11-01,224.5,239.73540025744043
2019-12-01,217.5,231.7806622048694
2020-01-01,215.4,228.67380130023878
2020-02-01,214.4,228.32104914651725
2020-03-01,231.1,224.61185539593836
2020-04-01,235.0,235.97083440477886
2020-05-01,201.9,237.14480972172572
2020-06-01,202.0,205.79742003998362
2020-07-01,214.4,203.83330001682415
2020-08-01,249.5,217.2604156164504
2020-09-01,250.5,247.14292891159735
2020-10-01,245.0,251.65554521330367
2020-11-01,245.0,253.99064385618405
2020-12-01,245.0,254.5779139815431
2021-01-01,265.0,256.3997866166626
2021-02-01,335.0,280.71969164629775
2021-03-01,352.9,338.86089328046705
2021-04-01,328.1,353.0298992154467
2021-05-01,331.6,335.1686164796165
2021-06-01,393.3,337.46864902218476
2021-07-01,441.5,389.3198830889096
2021-08-01,446.9,430.2787565541918
2021-09-01,418.8,442.9128465015755
2021-10-01,695.0,423.72589352040063
2021-11-01,900.5,665.4743368092012
2021-12-01,890.0,852.9396259735962
2022-01-01,846.4,853.1028267395801
2022-02-01,744.2,805.6201194639865
2022-03-01,872.5,721.4295597778065
2022-04-01,925.0,870.8589553065257
2022-05-01,707.5,900.2863889023095
2022-06-01,690.0,715.7878607878907
2022-07-01,601.0,691.6337690821632
2022-08-01,591.3,619.5363145089271
2022-09-01,678.0,629.2075080080718
2022-10-01,636.3,709.667655190231
2022-11-01,588.8,662.0345090906009
2022-12-01,519.4,617.8359081212659
2023-01-01,443.8,558.1425491941936
2023-02-01,357.5,476.77386792145626
2023-03-01,313.5,376.84462897906246
2023-04-01,313.4,330.39724035872723
2023-05-01,329.3,328.2433156536405
2023-06-01,287.5,334.2657097043823
2023-07-01,334.6,298.31605380955966
2023-08-01,385.6,335.6721230716074
2023-09-01,380.0,375.9828546658731
2023-10-01,411.4,371.56502364701964
2023-11-01,385.5,402.63552690222116
2023-12-01,354.0,381.67989070158717
2024-01-01,335.4,355.29402157685354
2024-02-01,351.3,335.88638218670985
2024-03-01,330.0,347.4975966542411
2024-04-01,320.0,325.6993846731665
2024-05-01,284.8,317.6242983976159
2024-06-01,336.3,294.89827853157647
2024-07-01,342.5,333.8956713541977
2024-08-01,342.5,335.82072822240536
2024-09-01,337.5,334.8102217548518
2024-10-01,374.8,333.145164160696
2024-11-01,352.3,369.20272771746465
2024-12-01,352.0,350.1801810884989
2025-01-01,380.5,350.16220613730763
2025-02-01,436.5,375.16420315671473
2025-03-01,394.5,426.29049099538645
2025-04-01,386.9,384.82661331116867
2025-05-01,392.0,374.84339837610423
2025-06-01,420.5,379.63194806322144
2025-07-01,496.0,403.5254266826704
2025-08-01,507.7,465.0565774576014
2025-09-01,461.1,472.04091778773306
2025-10-01,394.4,434.1656866217686
2025-11-01,409.3,378.039197241813
2025-12-01,392.5,393.92527792787735
2026-01-01,415.4,378.27784738595574
2026-02-01,472.0,398.6818767545775
2026-03-01,725.6,449.5158697552454
2026-04-01,856.9,674.4468249497236
2026-05-01,770.5,782.7747946478116
2026-06-01,453.1,713.5207299313084
2026-07-01,400.0,438.74374113218823
2026-08-01,390.0,401.6371318431279
2026-09-01,407.5,397.4966483512926
